Workbook

Sheet rollup
A1: _id | B1: available | C1: calculation_type | D1: depth_cm | E1: format | F1: height_cm | G1: name | H1: price_per_meter | I1: price_per_piece | J1: price_per_square_meter | K1: thickness | L1: total_meter_per_rol | M1: unit | N1: width_cm | O1: subtotal
A2: 6765228a85d21deb735a1f8f | B2: 4 | C2: stuk | E2: 85cm | G2: Breed | I2: 63.64 | M2: stuks | O2: ==B2*I2
N3: Total | O3: ==SUM(O2:O2)

Sheet snijfolie
A1: _id | B1: available | C1: calculation_type | D1: depth_cm | E1: format | F1: height_cm | G1: name | H1: price_per_meter | I1: price_per_piece | J1: price_per_square_meter | K1: thickness | L1: total_meter_per_rol | M1: unit | N1: width_cm | O1: subtotal
A2: 6765228585d21deb735a1f52 | B2: 0 | C2: rol_per_meter | E2: 122 | G2: Avery 700 PF White 1,230m | H2: 6.32 | M2: M | O2: ==B2*H2
A3: 6765228585d21deb735a1f53 | B3: 1.7 | C3: rol_per_meter | E3: 122 | G3: Avery 709 Ocean Blue 1,230m | H3: 6.88 | M3: M | O3: ==B3*H3
A4: 6765228585d21deb735a1f54 | B4: 0 | C4: rol_per_meter | G4: Avery 711 Forrest Green | H4: 6.88 | M4: M | O4: ==B4*H4
A5: 6765228585d21deb735a1f55 | B5: 0.8 | C5: rol_per_meter | G5: Avery 714-02 green yellow | H5: 6.88 | M5: M | O5: ==B5*H5
A6: 6765228585d21deb735a1f56 | B6: 50 | C6: rol_per_meter | G6: Avery 721 PF Matte Black 1,230 | H6: 6.32 | M6: M | O6: ==B6*H6
A7: 6765228685d21deb735a1f57 | B7: 0 | C7: rol_per_meter | G7: Avery 726 Medium Red | H7: 6.88 | M7: M | O7: ==B7*H7
A8: 6765228685d21deb735a1f58 | B8: 50 | C8: rol_per_meter | G8: Avery 730 White Matt | H8: 6.32 | M8: M | O8: ==B8*H8
A9: 6765228685d21deb735a1f59 | B9: 0 | C9: rol_per_meter | G9: Avery 731 Turqouise | H9: 6.88 | M9: M | O9: ==B9*H9
A10: 6765228685d21deb735a1f5a | B10: 0.8 | C10: rol_per_meter | G10: Avery 732 Light Blue | H10: 6.88 | M10: M | O10: ==B10*H10
A11: 6765228685d21deb735a1f5b | B11: 1 | C11: rol_per_meter | G11: AVERY 736 gold metallic 1,230 | H11: 6.88 | M11: M | O11: ==B11*H11
A12: 6765228685d21deb735a1f5c | B12: 45.4 | C12: rol_per_meter | G12: Avery 735 Silver Metallic 1,230m | H12: 6.88 | M12: M | O12: ==B12*H12
A13: 6765228685d21deb735a1f5d | B13: 1 | C13: rol_per_meter | E13: 122 | G13: Avery 765 Blood Red | H13: 6.88 | M13: M | O13: ==B13*H13
A14: 6765228685d21deb735a1f5e | B14: 1.25 | C14: rol_per_meter | G14: Avery 770 Red | H14: 6.88 | M14: M | O14: ==B14*H14
A15: 6765228685d21deb735a1f5f | B15: 0 | C15: rol_per_meter | G15: Avery 783 Scandinavian Blue | H15: 6.88 | M15: M | O15: ==B15*H15
A16: 6765228685d21deb735a1f60 | B16: 0 | C16: rol_per_meter | G16: Avery 883 Hazelnut Brown | H16: 9.55 | M16: M | O16: ==B16*H16
A17: 6765228685d21deb735a1f61 | B17: 8.5 | C17: rol_per_meter | E17: 122 | G17: Avery 941 Cosmos Blue | H17: 18.25 | M17: M | O17: ==B17*H17
A18: 6765228685d21deb735a1f62 | B18: 0 | C18: rol_per_meter | G18: AVERY cherry red | H18: 9.55 | M18: M | O18: ==B18*H18
A19: 6765228685d21deb735a1f63 | B19: 0 | C19: rol_per_meter | G19: HexisF613 fluo Orange 1230 | H19: 14.58 | M19: M | O19: ==B19*H19
A20: 6765228785d21deb735a1f64 | B20: 0 | C20: rol_per_meter | G20: Transparant Nebula | H20: 0 | M20: M | O20: ==B20*H20
A21: 6765228785d21deb735a1f65 | B21: 0 | C21: rol_per_meter | G21: Transparant Oranje | H21: 0 | M21: M | O21: ==B21*H21
A22: 6765228785d21deb735a1f66 | B22: 0 | C22: rol_per_meter | G22: Transparant Oranje (Oracle) | H22: 0 | M22: M | O22: ==B22*H22
A23: 6765228785d21deb735a1f67 | B23: 0 | C23: rol_per_meter | G23: V4000 Reflective | H23: 25.59 | M23: M | O23: ==B23*H23
A24: 6765228785d21deb735a1f68 | B24: 0 | C24: rol_per_meter | G24: V4000 Reflective | H24: 25.59 | M24: M | O24: ==B24*H24
A25: 6765228785d21deb735a1f69 | B25: 3 | C25: rol_per_meter | E25: 122 | G25: AVERY 749 Cardinal Red | H25: 0 | M25: M | O25: ==B25*H25
A26: 6765228785d21deb735a1f6a | B26: 2.8 | C26: rol_per_meter | E26: 122 | G26: AVERY 708 COSMOS BLUE | H26: 0 | M26: M | O26: ==B26*H26
N27: Total | O27: ==SUM(O2:O26)

Sheet interieurfolie
A1: _id | B1: available | C1: calculation_type | D1: depth_cm | E1: format | F1: height_cm | G1: name | H1: price_per_meter | I1: price_per_piece | J1: price_per_square_meter | K1: thickness | L1: total_meter_per_rol | M1: unit | N1: width_cm | O1: subtotal
A2: 6765228885d21deb735a1f7b | B2: 1.4 | C2: rol_per_meter | G2: Coverstyl NH10 Terrazo | H2: 18.65 | M2: M | O2: ==B2*H2
A3: 6765228885d21deb735a1f7c | B3: 3 | C3: rol_per_meter | G3: Coverstyl NE81 Black | H3: 17.49 | M3: M | O3: ==B3*H3
A4: 6765228885d21deb735a1f7d | B4: 0.93 | C4: rol_per_meter | G4: Coverstyl U50 marble stone | H4: 18.65 | M4: M | O4: ==B4*H4
A5: 6765228885d21deb735a1f7e | B5: 1.2 | C5: rol_per_meter | G5: Coverstyl U50 marble stone | H5: 18.65 | M5: M | O5: ==B5*H5
A6: 6765228985d21deb735a1f7f | B6: 1.4 | C6: rol_per_meter | G6: Coverstyl NH33 concrete pure | H6: 24.13 | M6: M | O6: ==B6*H6
N7: Total | O7: ==SUM(O2:O6)

Sheet flex
A1: _id | B1: available | C1: calculation_type | D1: depth_cm | E1: format | F1: height_cm | G1: name | H1: price_per_meter | I1: price_per_piece | J1: price_per_square_meter | K1: thickness | L1: total_meter_per_rol | M1: unit | N1: width_cm | O1: subtotal
A2: 6765228a85d21deb735a1f90 | B2: 3 | C2: rol_per_meter | G2: Gele Flock | H2: 12.5 | M2: M | O2: ==B2*H2
A3: 6765228a85d21deb735a1f91 | B3: 0.4 | C3: rol_per_meter | G3: Oranje | H3: 6.21 | M3: M | O3: ==B3*H3
A4: 6765228a85d21deb735a1f92 | B4: 0.5 | C4: rol_per_meter | G4: Roze | H4: 6.21 | M4: M | O4: ==B4*H4
A5: 6765228a85d21deb735a1f93 | B5: 0.7 | C5: rol_per_meter | G5: Groen | H5: 6.21 | M5: M | O5: ==B5*H5
A6: 6765228a85d21deb735a1f94 | B6: 0.65 | C6: rol_per_meter | G6: Goud | H6: 6.21 | M6: M | O6: ==B6*H6
A7: 6765228a85d21deb735a1f95 | B7: 6 | C7: rol_per_meter | G7: Goud | H7: 6.21 | M7: M | O7: ==B7*H7
A8: 6765228a85d21deb735a1f96 | B8: 2 | C8: rol_per_meter | G8: Glow in the dark | H8: 12.1 | M8: M | O8: ==B8*H8
A9: 6765228a85d21deb735a1f97 | B9: 4 | C9: rol_per_meter | G9: Blauw | H9: 6.21 | M9: M | O9: ==B9*H9
A10: 6765228a85d21deb735a1f98 | B10: 5 | C10: rol_per_meter | G10: Rood | H10: 6.21 | M10: M | O10: ==B10*H10
A11: 6765228a85d21deb735a1f99 | B11: 3 | C11: rol_per_meter | G11: Fluo Groen | H11: 7.1 | M11: M | O11: ==B11*H11
A12: 6765228b85d21deb735a1f9a | B12: 4 | C12: rol_per_meter | G12: Donkerblauw | H12: 6.21 | M12: M | O12: ==B12*H12
A13: 6765228b85d21deb735a1f9b | B13: 2 | C13: rol_per_meter | G13: Zwart | H13: 6.21 | M13: M | O13: ==B13*H13
... A22: 6765228b85d21deb735a1fa4 | B22: 0.9 | C22: rol_per_meter | G22: roos glitter | H22: 10.41 | M22: M | O22: ==B22*H22
N23: Total | O23: ==SUM(O2:O22)

Sheet printfolie
A1: _id | B1: available | C1: calculation_type | D1: depth_cm | E1: format | F1: height_cm | G1: name | H1: price_per_meter | I1: price_per_piece | J1: price_per_square_meter | K1: thickness | L1: total_meter_per_rol | M1: unit | N1: width_cm | O1: subtotal
A2: 6765228e85d21deb735a1fc5 | B2: 5.3 | C2: rol_per_square_meter | G2: Avery MPI 2000 1M37 | J2: 4.14 | M2: M | N2: 137 | O2: ==B2*(N2/100)*J2
A3: 6765228e85d21deb735a1fc6 | B3: 20.8 | C3: rol_per_square_meter | G3: Avery MPI 2000 1M60 | J3: 4.14 | M3: M | N3: 160 | O3: ==B3*(N3/100)*J3
A4: 6765228e85d21deb735a1fc7 | B4: 46 | C4: rol_per_square_meter | G4: Avery MPI 2004 1M37 | J4: 5.01 | M4: M | N4: 137 | O4: ==B4*(N4/100)*J4
A5: 6765228e85d21deb735a1fc8 | B5: 44 | C5: rol_per_square_meter | G5: Avery MPI 2006 1M37 | J5: 5.1 | M5: M | N5: 137 | O5: ==B5*(N5/100)*J5
A6: 6765228e85d21deb735a1fc9 | B6: 10.3 | C6: rol_per_square_meter | G6: Avery MPI 2020 matt 1m37 | M6: M | N6: 137 | O6: ==B6*(N6/100)*J6
A7: 6765228e85d21deb735a1fca | B7: 50 | C7: rol_per_square_meter | G7: Avery MPI 2040 transp gloss 1m37 | J7: 4.57 | M7: M | N7: 137 | O7: ==B7*(N7/100)*J7
A8: 6765228e85d21deb735a1fcb | B8: 24 | C8: rol_per_square_meter | G8: Avery MPI 2040 transp gloss 1m50 | J8: 4.57 | M8: M | N8: 150 | O8: ==B8*(N8/100)*J8
A9: 6765228e85d21deb735a1fcc | B9: 3.5 | C9: rol_per_square_meter | G9: Avery MPI 3000 1M37 | J9: 1.71 | M9: M | N9: 137 | O9: ==B9*(N9/100)*J9
A10: 6765228e85d21deb735a1fcd | B10: 43 | C10: rol_per_square_meter | G10: Avery MPI 3000 1M37 | J10: 1.71 | M10: M | N10: 137 | O10: ==B10*(N10/100)*J10
A11: 6765228e85d21deb735a1fce | B11: 15.5 | C11: total_rol_per_meter | G11: Spandoek Mesh 1M60 | I11: 262.4 | L11: 50 | M11: M | N11: 160 | O11: 0
A12: 6765228e85d21deb735a1fcf | B12: 5 | C12: total_rol_per_meter | G12: neschen 1m37 | I12: 250.69 | L12: 50 | M12: M | N12: 137 | O12: 0
A13: 6765228e85d21deb735a1fd0 | B13: 15 | C13: rol_per_square_meter | G13: One way vision 1m | J13: 14.29 | M13: M | N13: 100 | O13: ==B13*(N13/100)*J13
A14: 6765228e85d21deb735a1fd1 | B14: 9.5 | C14: rol_per_square_meter | G14: One way vision 1m37 | J14: 14.29 | M14: M | N14: 137 | O14: ==B14*(N14/100)*J14
A15: 6765228f85d21deb735a1fd2 | B15: 2.66 | C15: rol_per_square_meter | G15: Avery mpi 1105 1m52 | J15: 11.2 | M15: M | N15: 152 | O15: ==B15*(N15/100)*J15
A16: 6765228f85d21deb735a1fd3 | B16: 11 | C16: total_rol_per_meter | G16: 3m transparant casting 1m37 | I16: 435.8 | L16: 25 | M16: M | N16: 137 | O16: 0
A17: 6765228f85d21deb735a1fd4 | B17: 43.6 | C17: total_rol_per_meter | G17: Spandoek jet550 1m37 | I17: 213.98 | L17: 30 | M17: M | N17: 137 | O17: 0
A18: 6765228f85d21deb735a1fd5 | B18: 0 | C18: rol_per_square_meter | G18: Avery mpi 3000 1M37 | J18: 1.71 | M18: M | N18: 137 | O18: ==B18*(N18/100)*J18
A19: 6765228f85d21deb735a1fd6 | B19: 25.8 | C19: rol_per_square_meter | G19: AVERY MPI 3000 1M37 | J19: 1.71 | M19: M | N19: 137 | O19: ==B19*(N19/100)*J19
A20: 6765228f85d21deb735a1fd7 | B20: 0 | C20: rol_per_square_meter | G20: Avery mpi 1105 1M52 | J20: 11.2 | M20: M | N20: 152 | O20: ==B20*(N20/100)*J20
A21: 6765228f85d21deb735a1fd8 | B21: 1.4 | C21: rol_per_square_meter | G21: Avery mpi 1105 1M52 | J21: 11.2 | M21: M | N21: 152 | O21: ==B21*(N21/100)*J21
A22: 6765228f85d21deb735a1fd9 | B22: 2.5 | C22: total_rol_per_meter | G22: Spandoek jet550 1m37 | I22: 213.98 | L22: 30 | M22: M | N22: 137 | O22: 0
A23: 6765228f85d21deb735a1fda | B23: 1.7 | C23: total_rol_per_meter | G23: Spandoek jet550 1m37 | I23: 213.98 | L23: 30 | M23: M | N23: 137 | O23: 0
A24: 6765228f85d21deb735a1fdb | B24: 2 | C24: total_rol_per_meter | G24: Spandoek jet550 1m37 | I24: 213.98 | L24: 30 | M24: M | N24: 137 | O24: 0
A25: 6765228f85d21deb735a1fdc | B25: 1.5 | C25: total_rol_per_meter | G25: Spandoek jet550 1m37 | I25: 213.98 | L25: 30 | M25: M | N25: 137 | O25: 0
A26: 6765228f85d21deb735a1fdd | B26: 39.7 | C26: rol_per_square_meter | G26: Canvas 1m37 | M26: M | N26: 137 | O26: ==B26*(N26/100)*J26
A27: 6765228f85d21deb735a1fde | B27: 26 | C27: rol_per_square_meter | G27: HEXIS HIGHTAC WALL | M27: M | N27: 137 | O27: ==B27*(N27/100)*J27
A28: 6765229085d21deb735a1fdf | B28: 20.7 | C28: rol_per_square_meter | G28: Avery mpi 3004 1M37 | M28: M | N28: 137 | O28: ==B28*(N28/100)*J28
A29: 6765229085d21deb735a1fe0 | B29: 5.7 | C29: rol_per_square_meter | G29: Avery mpi 1105 1m52 | M29: M | N29: 152 | O29: ==B29*(N29/100)*J29
A30: 6765229085d21deb735a1fe1 | B30: 16.8 | C30: rol_per_square_meter | G30: Avery MPI 2000 1M37 | J30: 4.14 | M30: M | N30: 137 | O30: ==B30*(N30/100)*J30
A31: 6765229085d21deb735a1fe2 | B31: 12 | C31: rol_per_square_meter | G31: Avery MPI 2000 1M60 | J31: 4.14 | M31: M | N31: 160 | O31: ==B31*(N31/100)*J31
A32: 6765229085d21deb735a1fe3 | B32: 14.4 | C32: rol_per_square_meter | G32: Avery MPI 2000 1M60 | J32: 4.14 | M32: M | N32: 160 | O32: ==B32*(N32/100)*J32
N33: Total | O33: ==SUM(O2:O32)

Sheet swf
A1: _id | B1: available | C1: calculation_type | D1: depth_cm | E1: format | F1: height_cm | G1: name | H1: price_per_meter | I1: price_per_piece | J1: price_per_square_meter | K1: thickness | L1: total_meter_per_rol | M1: unit | N1: width_cm | O1: subtotal
A2: 6765228b85d21deb735a1fa5 | B2: 0 | C2: rol_per_meter | G2: Avery Gloss Grey | H2: 0 | M2: M | O2: ==B2*H2
A3: 6765228b85d21deb735a1fa6 | B3: 0 | C3: rol_per_meter | G3: Avery SWF Brons Grey Gloss | H3: 29.49 | M3: M | O3: ==B3*H3
A4: 6765228b85d21deb735a1fa7 | B4: 0 | C4: rol_per_meter | G4: Avery SWF Cardine Red | H4: 29.49 | M4: M | O4: ==B4*H4
A5: 6765228c85d21deb735a1fa8 | B5: 0 | C5: rol_per_meter | G5: Avery SWF Dark Blue Metallic | H5: 29.49 | M5: M | O5: ==B5*H5
A6: 6765228c85d21deb735a1fa9 | B6: 3.9 | C6: rol_per_meter | G6: Avery SWF gloss black | H6: 29.49 | M6: M | O6: ==B6*H6
A7: 6765228c85d21deb735a1faa | B7: 0 | C7: rol_per_meter | G7: Avery SWF gloss black | H7: 29.49 | M7: M | O7: ==B7*H7
A8: 6765228c85d21deb735a1fab | B8: 0 | C8: rol_per_meter | G8: Avery SWF gloss black | H8: 29.49 | M8: M | O8: ==B8*H8
A9: 6765228c85d21deb735a1fac | B9: 0 | C9: rol_per_meter | G9: Avery SWF gloss black | H9: 29.49 | M9: M | O9: ==B9*H9
A10: 6765228c85d21deb735a1fad | B10: 0 | C10: rol_per_meter | G10: Avery SWF Gloss Metallic Passion Red | H10: 29.49 | M10: M | O10: ==B10*H10
A11: 6765228c85d21deb735a1fae | B11: 0 | C11: rol_per_meter | G11: Avery SWF Gloss Soft Red | H11: 29.49 | M11: M | O11: ==B11*H11
A12: 6765228c85d21deb735a1faf | B12: 0 | C12: rol_per_meter | G12: Avery SWF Gloss White | H12: 29.49 | M12: M | O12: ==B12*H12
A13: 6765228c85d21deb735a1fb0 | B13: 0 | C13: rol_per_meter | G13: Avery SWF Grass Green | H13: 29.49 | M13: M | O13: ==B13*H13
... A33: 6765228e85d21deb735a1fc4 | B33: 20 | C33: rol_per_meter | G33: Xpell | H33: 0 | M33: M | O33: ==B33*H33
N34: Total | O34: ==SUM(O2:O33)

Sheet allerlei
A1: _id | B1: available | C1: calculation_type | D1: depth_cm | E1: format | F1: height_cm | G1: name | H1: price_per_meter | I1: price_per_piece | J1: price_per_square_meter | K1: thickness | L1: total_meter_per_rol | M1: unit | N1: width_cm | O1: subtotal
A2: 6765229085d21deb735a1fe4 | B2: 6 | C2: stuk | G2: Ontvetter | I2: 14.65 | M2: fles | O2: ==B2*I2
A3: 6765229085d21deb735a1fe5 | B3: 2 | C3: stuk | G3: lijmverwijderaar | I3: 22.815 | O3: ==B3*I3
A4: 6765229085d21deb735a1fe6 | B4: 0 | C4: stuk | G4: schilderstape | I4: 2.69 | O4: ==B4*I4
A5: 6765229085d21deb735a1fe7 | B5: 0 | C5: stuk | G5: zwarte ductape | I5: 4.5 | O5: ==B5*I5
A6: 6765229085d21deb735a1fe8 | B6: 0 | C6: stuk | G6: castaar tape | I6: 6.51 | O6: ==B6*I6
A7: 6765229085d21deb735a1fe9 | B7: 0 | C7: stuk | G7: bruine tape | I7: 1.12 | O7: ==B7*I7
N8: Total | O8: ==SUM(O2:O7)

Sheet magneetfolie
A1: _id | B1: available | C1: calculation_type | D1: depth_cm | E1: format | F1: height_cm | G1: name | H1: price_per_meter | I1: price_per_piece | J1: price_per_square_meter | K1: thickness | L1: total_meter_per_rol | M1: unit | N1: width_cm | O1: subtotal
A2: 6765228985d21deb735a1f80 | B2: 8 | C2: rol_per_meter | G2: Magneetfolie 1m | H2: 10.55 | M2: M | O2: ==B2*H2
A3: 6765228985d21deb735a1f81 | B3: 6 | C3: rol_per_meter | G3: Magneetfolie 1m | H3: 10.55 | M3: M | O3: ==B3*H3
A4: 6765228985d21deb735a1f82 | B4: 1.3 | C4: rol_per_meter | G4: Magneetfolie 0,62m | H4: 10.55 | M4: M | O4: ==B4*H4
N5: Total | O5: ==SUM(O2:O4)

Sheet buizen
A1: _id | B1: available | C1: calculation_type | D1: depth_cm | E1: format | F1: height_cm | G1: name | H1: price_per_meter | I1: price_per_piece | J1: price_per_square_meter | K1: thickness | L1: total_meter_per_rol | M1: unit | N1: width_cm | O1: subtotal
A2: 6765228785d21deb735a1f6f | B2: 5 | C2: stuk | E2: 300 cm | G2: Zwart metaal | I2: 45.75 | M2: stuks | O2: ==B2*I2
A3: 6765228785d21deb735a1f70 | B3: 1 | C3: stuk | E3: 300 | G3: Grijs Alva | I3: 21.75 | M3: stuks | O3: ==B3*I3
A4: 6765228885d21deb735a1f71 | B4: 6 | C4: stuk | E4: 250 | G4: Grijs Alva | I4: 17.98 | M4: stuks | O4: ==B4*I4
A5: 6765228885d21deb735a1f72 | B5: 2 | C5: stuk | E5: 200 | G5: Grijs Alva | I5: 14.38 | M5: stuks | O5: ==B5*I5
A6: 6765228885d21deb735a1f73 | B6: 1 | C6: stuk | E6: 190 | G6: Grijs Alva | I6: 14.39 | M6: stuks | O6: ==B6*I6
A7: 6765228885d21deb735a1f74 | B7: 16 | C7: stuk | G7: Leuningdragers Grijs Metaal | I7: 6.37 | M7: stuks | O7: ==B7*I7
A8: 6765228885d21deb735a1f75 | B8: 0 | C8: stuk | G8: T-stuk Grijs Metaal | I8: 0 | M8: stuks | O8: ==B8*I8
A9: 6765228885d21deb735a1f76 | B9: 2 | C9: stuk | G9: Koppelstuk Grijs Metaal | I9: 5.61 | M9: stuks | O9: ==B9*I9
A10: 6765228885d21deb735a1f77 | B10: 1 | C10: stuk | G10: Voetstukken Grijs Metaal | I10: 2.49 | M10: stuks | O10: ==B10*I10
A11: 6765228885d21deb735a1f78 | B11: 13 | C11: stuk | G11: Leuningdragers Zwart Metaal | I11: 5.25 | M11: stuks | O11: ==B11*I11
A12: 6765228885d21deb735a1f79 | B12: 2 | C12: stuk | G12: 90° Zwart Metaal | I12: 5.77 | M12: stuks | O12: ==B12*I12
A13: 6765228885d21deb735a1f7a | B13: 4 | C13: stuk | E13: 30 cm | G13: 90° Grijs Metaal | I13: 3.53 | M13: stuks | O13: ==B13*I13
N14: Total | O14: ==SUM(O2:O13)

Sheet zandstraal
A1: _id | B1: available | C1: calculation_type | D1: depth_cm | E1: format | F1: height_cm | G1: name | H1: price_per_meter | I1: price_per_piece | J1: price_per_square_meter | K1: thickness | L1: total_meter_per_rol | M1: unit | N1: width_cm | O1: subtotal
A2: 6765228985d21deb735a1f83 | C2: rol_per_meter | G2: Aslan Dry Apply EL 300 | M2: M | O2: ==B2*H2
A3: 6765228985d21deb735a1f84 | C3: rol_per_meter | G3: Aslan Dry Apply EL 300 | M3: M | O3: ==B3*H3
A4: 6765228985d21deb735a1f85 | B4: 0 | C4: rol_per_meter | G4: Aslan PrintSilverEtched DryApply DFL 302 | H4: 14.17 | M4: M | O4: ==B4*H4
A5: 6765228985d21deb735a1f86 | B5: 0 | C5: rol_per_meter | G5: Aslan PrintSilverEtched DryApply DFL 302 | H5: 14.17 | M5: M | O5: ==B5*H5
A6: 6765228985d21deb735a1f87 | B6: 0 | C6: rol_per_meter | G6: Hexis Edged glass 1m23 | H6: 4.66 | M6: M | O6: ==B6*H6
A7: 6765228985d21deb735a1f88 | B7: 0 | C7: rol_per_meter | G7: Hexis Edged glass 1m23 | H7: 4.66 | M7: M | O7: ==B7*H7
A8: 6765228985d21deb735a1f89 | B8: 0 | C8: rol_per_meter | G8: Hexis Edged glass 1m23 | H8: 4.66 | M8: M | O8: ==B8*H8
A9: 6765228985d21deb735a1f8a | B9: 0 | C9: rol_per_meter | G9: Hexis Edged glass 1m23 | H9: 4.66 | M9: M | O9: ==B9*H9
A10: 6765228985d21deb735a1f8b | B10: 0 | C10: rol_per_meter | G10: Hexis Edged glass 1m23 | H10: 4.66 | M10: M | O10: ==B10*H10
A11: 6765228a85d21deb735a1f8c | B11: 0 | C11: rol_per_meter | G11: Hexis Edged glass 1m50 | H11: 5.45 | M11: M | O11: ==B11*H11
A12: 6765228a85d21deb735a1f8d | B12: 0 | C12: rol_per_meter | G12: Hexis Edged glass 1m50 | H12: 5.45 | M12: M | O12: ==B12*H12
A13: 6765228a85d21deb735a1f8e | B13: 0 | C13: rol_per_meter | G13: Hexis Edged glass 1m50 | H13: 5.45 | M13: M | O13: ==B13*H13
N14: Total | O14: ==SUM(O2:O13)

Sheet rekkers
A1: _id | B1: available | C1: calculation_type | D1: depth_cm | E1: format | F1: height_cm | G1: name | H1: price_per_meter | I1: price_per_piece | J1: price_per_square_meter | K1: thickness | L1: total_meter_per_rol | M1: unit | N1: width_cm | O1: subtotal
A2: 6765228785d21deb735a1f6b | B2: 1 | C2: stuk | E2: 25cm | G2: Rekkers 25cm | I2: 0.82 | M2: stuks | O2: ==B2*I2
A3: 6765228785d21deb735a1f6c | B3: 234 | C3: stuk | E3: 20cm | G3: Rekkers 20cm | I3: 0.82 | M3: stuks | O3: ==B3*I3
A4: 6765228785d21deb735a1f6d | B4: 332 | C4: stuk | E4: 20cm | G4: Rekkers 20cm | I4: 0.82 | M4: stuks | O4: ==B4*I4
A5: 6765228785d21deb735a1f6e | B5: 0 | C5: stuk | G5: Strips 360 x 4,8mm | I5: 0.82 | M5: stuks | O5: ==B5*I5
N6: Total | O6: ==SUM(O2:O5)

Sheet total
A1: Sheet Name | B1: Subtotal
A2: rollup | B2: ==rollup!O3
A3: snijfolie | B3: ==snijfolie!O27
A4: interieurfolie | B4: ==interieurfolie!O7
A5: flex | B5: ==flex!O23
A6: printfolie | B6: ==printfolie!O33
A7: swf | B7: ==swf!O34
A8: allerlei | B8: ==allerlei!O8
A9: magneetfolie | B9: ==magneetfolie!O5
A10: buizen | B10: ==buizen!O14
A11: zandstraal | B11: ==zandstraal!O14
A12: rekkers | B12: ==rekkers!O6
A13: Grand Total | B13: ==SUM(B2:B12)
